feature_id,illumina_no,sample_name,sample_plate,sample_well,I7_Index_ID,index,sample_project,description,species,fecal_storage,cave,sample_id,age,reproductive,forearm,weight,season,sex_eng,sex,date,bartonella,trypanosoma,leptospira,worms,wbc_50fields,wbc_40x,lymphocytes,neutrophils,monocytes,eosinophils,basophils,ig_G,lysozyme,sample_weight_mg,ampl_28mV_nitrogen,total_percentN,dN15_air,atom_percent_15N,ampl_44mV_carbon,total_percentC,dC13_VPDB,atom_percent_13C,feeding_2c,feeding_3c,disturbance_2c,disturbance_3c,bka_ecoli,bka_saureus
FLD0089,89,DA306_2,A1,A12,FLD0089,TATCAGTCTG,vampire,16S,DR,RNAlater,Damas,DA306,adult,Testes,57.4,33.5,Dry,F,M,1/6/2019,n,p,n,n,47,0.94,17,83,0,0,0,1.006,4.2415,0.083,259,18.95,9.69,0.370008,402,55.64,-15.51,1.088692,wildlife,wildlife,p,p,,
FLD0090,90,DA316_2,A1,B12,FLD0090,TCAGATGCTA,vampire,16S,DR,ethanol,Damas,DA316,adult,Testes,61.3,28.5,Dry,F,M,1/6/2019,n,n,n,n,69,1.38,65,35,0,0,0,1.5205,19.1094,0.088,253,16.73,8.86,0.369707,1347,49.43,-12.25,1.092259,wildlife,intermediate,p,p,,
FLD0091,91,LP365_2,A1,C12,FLD0091,TATGTACGTG,vampire,16S,DR,ethanol,Laguna_Perdida,LP365,adult,lactating,63.39,42,Dry,M,H,1/11/2019,n,n,NA,n,135,2.7,33,67,0,0,0,1.3125,4.8514,0.098,294,17.13,10.97,0.370477,1554,50.07,-12.93,1.091521,wildlife,intermediate,p,p,,13.76
FLD0092,92,BI433_2,A1,D12,FLD0092,CTATACAGTG,vampire,16S,DR,ethanol,Bijagual,BI433,adult,Testes,56.73,34,Dry,F,M,1/22/2019,n,n,NA,n,54,1.08,24,76,0,0,0,1.281,2.4469,0.052,147,17.92,8.18,0.369459,237,54.78,-8.67,1.096174,cattle,cattle,d,i,,
FLD0093,93,TM490_2,A1,E12,FLD0093,TGATACTCTG,vampire,16S,DR,ethanol,Tunel_Miraflores,TM490,adult,Inactive,62.9,40,Dry,M,H,1/26/2019,n,n,NA,n,51,1.02,55,43,0,0,2,1.1655,8.532,0.045,127,15.33,6.05,0.368679,715,46.8,-18.81,1.085089,wildlife,wildlife,p,i,,
FLD0094,94,MA507_2,A1,F12,FLD0094,TCAGCGATAT,vampire,16S,DR,ethanol,Mina_del_Aguacate,MA507,adult,pregnant,60.64,42,Dry,M,H,1/28/2019,n,n,NA,n,42,0.84,16,84,0,0,0,0.9425,13.27642183,0.084,306,15.29,7.98,0.369384,540,47.76,-9.48,1.09529,cattle,cattle,p,i,,
FLD0095,95,DA1591_2,A1,G12,FLD0095,CTACTGATGA,vampire,16S,DR,RNAlater,Damas,DA1591,adult,Testes,56.92,31,Rainy,F,M,7/29/2019,p,p,n,n,9,0.18,20,30,0,0,0,1.3645,0.5711,0.067,189,16.47,7.92,0.369363,976,48.31,-13.28,1.091139,wildlife,intermediate,p,p,33.37,
FLD0096,96,Cneg2_vampire2,A1,H12,FLD0096,GTAGTACACA,vampire,16S,DR,NA,NA,Cneg2_vampire2,NA,NA,NA,NA,NA,NA,NA,NA,NA,NA,NA,NA,NA,NA,NA,NA,NA,NA,NA,NA,NA,NA,NA,NA,NA,NA,NA,NA,NA,NA,NA,NA,NA,NA,,
MA513,97,MA513,A2,A1,FLD0097,TGCTACATCA,vampire,16S,DR,ethanol,Mina_del_Aguacate,MA513,adult,Inactive,61.67,45,Dry,M,H,1/28/2019,n,n,NA,n,44,0.88,53,46,0,0,1,0.9085,37.482,0.071,205,17.44,8.07,0.369417848,323,52.85,-9.95,1.094774927,cattle,cattle,p,i,34.92,
TI551,98,TI551,A2,B1,FLD0098,AGTGTGTCTA,vampire,16S,DR,ethanol,Tunel_ICE,TI551,adult,lactating,62.4,37,Dry,M,H,2/3/2019,n,n,NA,n,114,2.28,22,78,0,0,0,1.401,8.5034,0.056,185,22.01,7.73,0.369293,949,67.68,-8.44,1.096426,cattle,cattle,d,i,,
TI553,99,TI553,A2,C1,FLD0099,TCATATCGCG,vampire,16S,DR,ethanol,Tunel_ICE,TI553,adult,lactating,61.41,41.5,Dry,M,H,2/3/2019,n,p,NA,n,74,1.48,22,77,0,0,1,1.1565,4.8746,0.081,212,16.63,6.89,0.368986,1112,53.13,-9.1,1.095703,cattle,cattle,d,i,36.87,
TI554,100,TI554,A2,D1,FLD0100,TACGTATAGC,vampire,16S,DR,ethanol,Tunel_ICE,TI554,adult,Testes,57.38,39.5,Dry,F,M,2/3/2019,p,p,n,n,182,3.64,65,34,1,0,0,1.2295,4.6369,0.073,206,17.94,7.81,0.369323,1066,56.55,-9.03,1.095781,cattle,cattle,d,i,,
TI555,101,TI555,A2,E1,FLD0101,CAGCTATAGC,vampire,16S,DR,ethanol,Tunel_ICE,TI555,adult,Testes,58.04,37,Dry,F,M,2/3/2019,n,n,NA,n,127,2.54,44,56,0,0,0,1.1635,4.0884,0.088,253,9.91,8.3,0.369502,1324,48.97,-11.52,1.093058,wildlife,intermediate,d,i,,
TI557,102,TI557,A2,F1,FLD0102,TCGATGCGCT,vampire,16S,DR,ethanol,Tunel_ICE,TI557,adult,Testes,55.75,33,Dry,F,M,2/3/2019,n,n,NA,n,70,1.4,34,66,0,0,0,1.195,2.9799,0.083,226,17.66,7.36,0.369159,1158,53.71,-10.4,1.094282,cattle,cattle,d,i,,
TI558,103,TI558,A2,G1,FLD0103,GCACGCGTAT,vampire,16S,DR,ethanol,Tunel_ICE,TI558,adult,lactating,62.5,36,Dry,M,H,2/3/2019,n,n,NA,n,57,1.14,45,54,1,0,0,1.338,3.2123,0.08,228,18.2,7.71,0.369286,1194,56.97,-8.85,1.095977,cattle,cattle,d,i,,
TI568,104,TI568,A2,H1,FLD0104,GCAGTATGCG,vampire,16S,DR,ethanol,Tunel_ICE,TI568,adult,Inactive,63.57,37,Dry,M,H,2/3/2019,n,n,NA,n,210,4.2,28,71,0,0,1,1.321,6.4374,0.09,243,17.27,8.19,0.369464,1267,53.14,-10.04,1.094683,cattle,cattle,d,i,,
TA682,105,TA682,A2,A2,FLD0105,TGATAGAGAG,vampire,16S,DR,ethanol,Tunel_Arenal,TA682,adult,Testes,54.32,32,Dry,F,M,2/27/2019,p,p,NA,n,48,0.96,13,87,0,0,0,0.939,7.2526,0.086,261,24.11,4.58,0.368144,1287,48.8,-9.98,1.094744,cattle,cattle,d,d,,
TA684,106,TA684,A2,B2,FLD0106,GCTACTAGCG,vampire,16S,DR,ethanol,Tunel_Arenal,TA684,adult,Testes,58.19,36,Dry,F,M,2/27/2019,p,n,NA,n,36,0.72,18,80,0,0,2,0.986,3.1219,0.078,204,16.68,8.43,0.369549,1076,53.58,-8.47,1.096399,cattle,cattle,d,d,,
VE700,107,VE700,A2,C2,FLD0107,TGCGAGACGT,vampire,16S,DR,ethanol,Gabinarraca,VE700,adult,Inactive,61.35,42.5,Dry,M,H,2/28/2019,n,p,n,n,47,0.94,24,76,0,0,0,0.7825,4.512,0.114,316,16.8,8.04,0.369406,1702,53.5,-9.43,1.095346,cattle,cattle,d,d,,
VE701,108,VE701,A2,D2,FLD0108,CGATGACAGA,vampire,16S,DR,ethanol,Gabinarraca,VE701,adult,Inactive,56.76,28,Dry,F,M,2/28/2019,n,n,NA,n,79,1.58,48,52,0,0,0,1.3535,4.0316,0.099,285,18.05,8.38,0.369531,1490,55,-10.46,1.094224,cattle,cattle,d,d,77.06,
VE703,109,VE703,A2,E2,FLD0109,GACTCATGCT,vampire,16S,DR,ethanol,Gabinarraca,VE703,adult,Testes,57.94,34,Dry,F,M,2/28/2019,p,p,NA,n,64,1.28,48,51,1,0,0,1.1065,10.909,0.092,238,16.06,8.61,0.369616,1260,51.53,-9.94,1.094792,cattle,cattle,d,d,,
VE704,110,VE704,A2,F2,FLD0110,GTCTGATACG,vampire,16S,DR,ethanol,Gabinarraca,VE704,adult,Testes,57.17,32,Dry,F,M,2/28/2019,n,n,n,n,36,0.72,14,86,0,0,0,1.009,6.612485199,0.063,191,19.81,7.88,0.369351,980,61.9,-10.18,1.094526,cattle,cattle,d,d,,
RI789,111,RI789,A2,G2,FLD0111,ACTAGCTGTC,vampire,16S,DR,ethanol,Los_Araya,RI789,adult,Testes,57.79,31,Dry,F,M,3/8/2019,n,n,NA,n,120,2.4,8,92,0,0,0,1.295,5.3238,0.093,260,15.88,6.6,0.368881,1333,46.54,-11.7,1.092861,wildlife,intermediate,p,p,,
RI792,112,RI792,A2,H2,FLD0112,GCGTAGACGA,vampire,16S,DR,ethanol,Los_Araya,RI792,adult,Testes,58.05,34,Dry,F,M,3/8/2019,n,n,n,n,39,0.78,38,62,0,0,0,1.3705,2.4659,0.059,160,5.88,10.13,0.37017,814,46.05,-11.81,1.092748,wildlife,intermediate,p,p,,
BI942,113,BI942,A2,A3,FLD0113,CTCAGCAGTG,vampire,16S,DR,ethanol,Bijagual,BI942,adult,Post_lactating,61.71,34,Rainy,M,H,5/2/2019,n,p,NA,n,153,3.06,81,19,0,0,0,1.0775,14.3371,0.14,424,17.87,10.41,0.370273,2220,54.86,-9.64,1.095116,cattle,cattle,d,i,,
BI939,114,BI939,A2,B3,FLD0114,CAGTCTACAT,vampire,16S,DR,ethanol,Bijagual,BI939,adult,Post_lactating,63.76,40,Rainy,M,H,5/2/2019,n,n,NA,n,130,2.6,66,34,0,0,0,0.77,4.5929,0.081,213,16.75,7.34,0.369154,1139,54.23,-16.13,1.088017,wildlife,wildlife,d,i,,
SR885,115,SR885,A2,C3,FLD0115,TACTGCAGCG,vampire,16S,DR,ethanol,El_Duende,SR885,adult,Testes,60.57,33,Dry,F,M,3/22/2019,p,n,p,n,92,1.84,22,78,0,0,0,1.0135,3.6223,0.068,206,19.77,8.57,0.3696,1058,61.03,-11.79,1.092763,wildlife,intermediate,p,p,34.53,
SR884,116,SR884,A2,D3,FLD0116,TACACAGTAG,vampire,16S,DR,ethanol,El_Duende,SR884,adult,Testes,56.62,33,Dry,F,M,3/22/2019,p,n,p,n,46,0.92,36,64,0,0,0,1.1,5.9365,0.054,148,4.89,8.27,0.369491,762,47.05,-11.61,1.092967,wildlife,intermediate,p,p,,
TP845,118,TP845,A2,F3,FLD0118,CACAGTGATG,vampire,16S,DR,RNAlater,Tunel_Peralta,TP845,adult,Inactive,58.74,36,Dry,F,M,3/15/2019,n,n,NA,n,42,0.84,44,56,0,0,0,1.19,1.6673,0.105,288,10.27,11.82,0.370789,1536,47.45,-14.09,1.090252,wildlife,intermediate,d,d,63.26,29.65
TP843,119,TP843,A2,G3,FLD0119,CGAGCTAGCA,vampire,16S,DR,ethanol,Tunel_Peralta,TP843,adult,Inactive,63.19,33,Dry,M,H,3/15/2019,n,n,NA,n,33,0.66,51,48,0,0,1,0.524,7.9802,0.092,257,17.88,12.03,0.370863,1311,53.49,-14.12,1.090213,wildlife,intermediate,d,d,,
TP842,120,TP842,A2,H3,FLD0120,GAGACTATGC,vampire,16S,DR,ethanol,Tunel_Peralta,TP842,adult,Testes,59.17,34,Dry,F,M,3/15/2019,n,p,NA,n,47,0.94,15,85,0,0,0,1.256,3.6887,0.091,276,22.77,8.42,0.369546,1420,50.46,-13.46,1.090942,wildlife,intermediate,d,d,,
LP1039,121,LP1039,A2,A4,FLD0121,CAGAGCTAGT,vampire,16S,DR,RNAlater,Laguna_Perdida,LP1039,adult,Post_lactating,63,43,Rainy,M,H,5/15/2019,n,p,NA,n,50,1,51,49,0,0,0,1.1015,1.056369935,0.093,266,34.48,10.58,0.370333,1361,48.31,-16.15,1.087991,wildlife,wildlife,p,p,25.56,19.3
TM1158,122,TM1158,A2,B4,FLD0122,CGCAGAGCAT,vampire,16S,DR,ethanol,Tunel_Miraflores,TM1158,adult,Inactive,58.35,28,Rainy,F,M,5/31/2019,n,n,n,n,30,0.6,37,63,0,0,0,1.14,11.8072,0.083,245,19.46,6.14,0.368713,1217,48.43,-10.67,1.093992,cattle,cattle,p,i,,
TA1281,123,TA1281,A2,C4,FLD0123,TGTACAGCGA,vampire,16S,DR,RNAlater,Tunel_Arenal,TA1281,adult,Testes,56.3,35,Rainy,F,M,6/28/2019,n,n,n,n,34,0.68,21,79,0,0,0,1.091,3.4826,0.072,217,22.6,8.16,0.369452,1094,44.37,-9.61,1.095151,cattle,cattle,d,d,,
TA1282,124,TA1282,A2,D4,FLD0124,ACGTCAGTAT,vampire,16S,DR,RNAlater,Tunel_Arenal,TA1282,adult,Testes,58.66,37,Rainy,F,M,6/28/2019,n,n,n,n,76,1.52,60,39,0,0,1,1.0295,4.5019,0.08,227,24.64,6.88,0.368983,1159,47.55,-10.32,1.09437,cattle,cattle,d,d,,
TA1284,125,TA1284,A2,E4,FLD0125,TCACAGCATA,vampire,16S,DR,RNAlater,Tunel_Arenal,TA1284,adult,Testes,56.86,33,Rainy,F,M,6/28/2019,p,n,n,n,53,1.06,25,75,0,0,0,1.4575,9.9627,0.107,310,20.82,8.6,0.369613,1593,47.74,-9.42,1.095357,cattle,cattle,d,d,,
SR1428,126,SR1428,A2,F4,FLD0126,ACTGCGTGTC,vampire,16S,DR,RNAlater,El_Duende,SR1428,adult,Testes,56.57,34.5,Rainy,F,M,7/12/2019,n,n,n,n,95,1.9,79,19,0,0,2,0.842,9.5133,0.104,272,14.96,8.7,0.369648,1523,47.49,-12.66,1.091814,wildlife,intermediate,p,p,,
SR1429,127,SR1429,A2,G4,FLD0127,CGATCGACTG,vampire,16S,DR,RNAlater,El_Duende,SR1429,adult,Testes,57.63,43,Rainy,F,M,7/12/2019,n,n,NA,n,95,1.9,72,28,0,0,0,1.188,3.7698,0.091,253,16.33,9.05,0.369778,1306,47.02,-12.92,1.09153,wildlife,intermediate,p,p,17.16,0
SR1430,128,SR1430,A2,H4,FLD0128,GCGAGATGTA,vampire,16S,DR,RNAlater,El_Duende,SR1430,adult,Testes,59.74,41,Rainy,F,M,7/12/2019,n,n,p,n,65,1.3,69,30,0,0,1,1.2245,1.8771,0.1,295,16.96,9.06,0.369781,458,56.4,-10.47,1.094209,cattle,cattle,p,p,31.45,22.91
TP1496,130,TP1496,A2,B5,FLD0130,GTGACGTACG,vampire,16S,DR,RNAlater,Tunel_Peralta,TP1496,adult,Testes,67.7,32,Rainy,F,M,7/20/2019,n,n,NA,n,14,0.28,22,28,0,0,0,1.3075,5.5527,0.092,264,17.12,10.51,0.37031,1394,49.61,-13.16,1.091262,wildlife,intermediate,d,d,,
DA1584,131,DA1584,A2,C5,FLD0131,CGACGCTGAT,vampire,16S,DR,RNAlater,Damas,DA1584,adult,Inactive,62.31,39,Rainy,M,H,7/29/2019,n,p,NA,n,4,0.08,15,10,0,0,0,1.2135,5.5795,0.082,234,17.34,8.48,0.369569,1252,50,-13.91,1.09045,wildlife,intermediate,p,p,,
DA1586,132,DA1586,A2,D5,FLD0132,CTACGATCAG,vampire,16S,DR,RNAlater,Damas,DA1586,adult,Testes,58.53,38,Rainy,F,M,7/29/2019,n,p,NA,n,21,0.42,7,43,0,0,0,1.32,3.6019,0.085,238,16.63,6.48,0.368839,1240,47.49,-15.75,1.088439,wildlife,wildlife,p,p,,
DA1587,133,DA1587,A2,E5,FLD0133,GCACTAGACA,vampire,16S,DR,RNAlater,Damas,DA1587,adult,Inactive,64.02,39,Rainy,M,H,7/29/2019,n,p,NA,n,47,0.94,56,44,0,0,0,1.1905,4.4879,0.094,264,16.71,9.7,0.370012,1398,48.07,-18.78,1.085124,wildlife,wildlife,p,p,,
DA1588,134,DA1588,A2,F5,FLD0134,CTAGCAGATG,vampire,16S,DR,ethanol,Damas,DA1588,adult,lactating,64.43,51,Rainy,M,H,7/29/2019,n,p,n,n,7,0.14,25,25,0,0,0,1.1945,9.9618,0.108,315,16.53,10.27,0.370221,486,54.69,-15.51,1.088697,wildlife,wildlife,p,p,,
DA1589,135,DA1589,A2,G5,FLD0135,CATGATACGC,vampire,16S,DR,RNAlater,Damas,DA1589,adult,Testes,56.78,38,Rainy,F,M,7/29/2019,n,p,n,n,39,0.78,69,31,0,0,0,1.034,4.6652,0.097,277,16.26,10.27,0.37022,436,55.46,-13.11,1.09132,wildlife,intermediate,p,p,,
TT1034,137,LP1034,A2,A6,FLD0137,ACGTATCATC,vampire,16S,DR,RNAlater,Laguna_Perdida,LP1034,adult,Testes,59.5,39.25,Rainy,F,M,5/15/2019,n,n,n,n,107,2.14,73,27,0,0,0,1.175,4.5284,0.082,228,16,9.89,0.370083,1195,47.79,-13.2,1.091224,wildlife,intermediate,p,p,,
ExB-vampire,138,ExB_vampire,A2,B6,FLD0138,AGTATCGTAC,vampire,16S,DR,NA,NA,ExB_vampire,NA,NA,NA,NA,NA,NA,NA,NA,NA,NA,NA,NA,NA,NA,NA,NA,NA,NA,NA,NA,NA,NA,NA,NA,NA,NA,NA,NA,NA,NA,NA,NA,NA,NA,,
Cneg2-vampire,139,Cneg2_vampire,A2,C6,FLD0139,GATACACTGA,vampire,16S,DR,NA,NA,Cneg2_vampire,NA,NA,NA,NA,NA,NA,NA,NA,NA,NA,NA,NA,NA,NA,NA,NA,NA,NA,NA,NA,NA,NA,NA,NA,NA,NA,NA,NA,NA,NA,NA,NA,NA,NA,,
